"gbifID","species","decimalLongitude","decimalLatitude","year","basisOfRecord"
"D000001","Carex aquatilis",-105.85656,52.59499,2008,"PRESERVED_SPECIMEN"
"D000002","Carex utriculata",-107.30157,51.48443,2007,"HUMAN_OBSERVATION"
"D000003","Salix bebbiana",-106.29498,52.15084,2012,"HUMAN_OBSERVATION"
"D000004","Salix petiolaris",-106.92037,53.05771,2006,"HUMAN_OBSERVATION"
"D000005","Carex siccata",-106.23602,NA,2009,"HUMAN_OBSERVATION"
"D000006","Carex atherodes",-107.03601,52.6167,2007,"HUMAN_OBSERVATION"
"D000007","Carex siccata",-107.35101,52.05799,2020,"HUMAN_OBSERVATION"
"D000008","Salix discolor",-105.74555,52.16696,2009,"HUMAN_OBSERVATION"
"D000009","Salix bebbiana",-105.67473,52.74868,1998,"HUMAN_OBSERVATION"
"D000010","Salix bebbiana",-105.5313,52.1621,2009,"HUMAN_OBSERVATION"
"D000011","Carex utriculata",-106.23005,51.63625,2008,"HUMAN_OBSERVATION"
"D000012","",-106.7558,53.26006,2002,"PRESERVED_SPECIMEN"
"D000013","Carex duriuscula",-106.94152,52.12031,2012,"PRESERVED_SPECIMEN"
"D000014","Salix discolor",-107.89113,52.63883,2007,"PRESERVED_SPECIMEN"
"D000015","Carex praegracilis",-105.783,52.97818,2019,"HUMAN_OBSERVATION"
"D000016","Salix bebbiana",-107.83301,52.4846,2008,"HUMAN_OBSERVATION"
"D000017","Carex atherodes",-106.29478,53.14711,2003,"HUMAN_OBSERVATION"
"D000018","Carex atherodes",-105.96742,52.12161,2008,"HUMAN_OBSERVATION"
"D000019","Carex siccata",-107.38154,53.07379,2017,"HUMAN_OBSERVATION"
"D000020","Carex duriuscula",-106.47731,52.65461,2020,"HUMAN_OBSERVATION"
"D000021","Carex aquatilis",-105.91637,51.7544,2007,"HUMAN_OBSERVATION"
"D000022","Carex duriuscula",-106.96484,52.19129,2022,"HUMAN_OBSERVATION"
"D000023","Carex atherodes",-107.38719,53.07749,2007,"HUMAN_OBSERVATION"
"D000024","Carex siccata",-106.30954,51.83765,1998,"PRESERVED_SPECIMEN"
"D000025","Salix exigua",-106.29333,51.76623,1996,"PRESERVED_SPECIMEN"
"D000026","Salix discolor",-108.04845,52.6151,2020,"HUMAN_OBSERVATION"
"D000027","Carex duriuscula",-108.13801,52.02233,2002,"HUMAN_OBSERVATION"
"D000028","Carex aquatilis",-106.38737,52.38214,2002,"HUMAN_OBSERVATION"
"D000029","Salix discolor",-105.75601,52.61313,2012,"HUMAN_OBSERVATION"
"D000030","Salix petiolaris",-105.65072,51.93141,2005,"HUMAN_OBSERVATION"
"D000031","Salix bebbiana",-106.45312,53.05502,2003,"HUMAN_OBSERVATION"
"D000032","Salix bebbiana",-107.10256,53.28683,2018,"HUMAN_OBSERVATION"
"D000033","Carex atherodes",-105.81593,52.57304,2008,"PRESERVED_SPECIMEN"
"D000034","Carex aquatilis",-106.9451,52.22213,2020,"HUMAN_OBSERVATION"
"D000035","Salix candida",-107.03612,52.32575,1996,"PRESERVED_SPECIMEN"
"D000036","Carex aquatilis",-107.41815,52.04901,1998,"PRESERVED_SPECIMEN"
"D000037","Carex aquatilis",-106.36781,52.86294,2008,"PRESERVED_SPECIMEN"
"D000038","Salix exigua",-106.37865,52.8208,1997,"PRESERVED_SPECIMEN"
"D000039","Salix discolor",-108.02826,52.44622,2012,"PRESERVED_SPECIMEN"
"D000040","Salix discolor",-106.12495,52.08151,2014,"HUMAN_OBSERVATION"
"D000041","Salix discolor",-106.93173,52.28414,2017,"HUMAN_OBSERVATION"
"D000042","Salix discolor",-106.82943,51.61709,2007,"PRESERVED_SPECIMEN"
"D000043","Salix bebbiana",-106.19559,51.99388,2003,"PRESERVED_SPECIMEN"
"D000044","Salix lutea",-107.66262,52.54309,2008,"PRESERVED_SPECIMEN"
"D000045","Salix bebbiana",-106.92199,52.21664,2005,"HUMAN_OBSERVATION"
"D000046","Salix discolor",-107.42103,52.07484,2018,"HUMAN_OBSERVATION"
"D000047","Carex aquatilis",-107.9901,52.57984,2006,"HUMAN_OBSERVATION"
"D000048","Salix bebbiana",-107.00554,51.6556,2019,"PRESERVED_SPECIMEN"
"D000049","Salix petiolaris",-107.1571,52.32653,2019,"HUMAN_OBSERVATION"
"D000050","Salix petiolaris",-106.40965,NA,2008,"HUMAN_OBSERVATION"
"D000051","Carex atherodes",-107.34129,52.36146,2015,"HUMAN_OBSERVATION"
"D000052","Carex aquatilis",-105.9185,51.78622,2009,"HUMAN_OBSERVATION"
"D000053","Salix discolor",-105.71989,52.78807,2005,"PRESERVED_SPECIMEN"
"D000054","Carex aquatilis",-107.33509,52.57341,2008,"HUMAN_OBSERVATION"
"D000055","Carex praegracilis",-107.39573,52.95491,2000,"HUMAN_OBSERVATION"
"D000056","Salix candida",-106.37557,52.96889,2009,"PRESERVED_SPECIMEN"
"D000057","Salix exigua",-106.95678,52.75668,2010,"HUMAN_OBSERVATION"
"D000058","Carex praegracilis",-107.32548,51.97412,2015,"HUMAN_OBSERVATION"
"D000059","Carex aquatilis",-106.21616,52.93713,2018,"HUMAN_OBSERVATION"
"D000060","Salix bebbiana",-107.40458,52.24072,2023,"HUMAN_OBSERVATION"
"D000061","Salix exigua",-106.33574,51.54306,2023,"HUMAN_OBSERVATION"
"D000062","Carex aquatilis",-107.513,52.88394,2010,"HUMAN_OBSERVATION"
"D000063","Carex praegracilis",-106.80524,53.18072,1997,"HUMAN_OBSERVATION"
"D000064","Salix discolor",-106.26847,51.68311,2005,"PRESERVED_SPECIMEN"
"D000065","Salix lutea",-106.84784,52.80538,2016,"HUMAN_OBSERVATION"
"D000066","Salix exigua",-105.46792,52.31685,1997,"HUMAN_OBSERVATION"
"D000067","Salix discolor",-107.33788,53.1644,1998,"PRESERVED_SPECIMEN"
"D000068","Salix bebbiana",-105.65444,52.3581,2010,"PRESERVED_SPECIMEN"
"D000069","Carex aquatilis",-108.08941,52.50217,2020,"HUMAN_OBSERVATION"
"D000070","Carex atherodes",-106.10565,52.66787,2019,"HUMAN_OBSERVATION"
"D000071","Carex duriuscula",-106.13196,51.66295,1995,"HUMAN_OBSERVATION"
"D000072","Salix bebbiana",-106.78099,53.34226,2022,"HUMAN_OBSERVATION"
"D000073","Carex duriuscula",-106.60246,51.95094,2011,"HUMAN_OBSERVATION"
"D000074","Carex duriuscula",-107.38911,52.53486,2023,"HUMAN_OBSERVATION"
"D000075","Carex aquatilis",-106.32229,52.9593,2010,"HUMAN_OBSERVATION"
"D000076","Carex duriuscula",-107.57861,51.78879,1997,"HUMAN_OBSERVATION"
"D000077","Salix petiolaris",-106.71491,52.22729,2011,"HUMAN_OBSERVATION"
"D000078","Salix bebbiana",-107.47504,51.987,2020,"HUMAN_OBSERVATION"
"D000079","Salix exigua",-105.89134,52.14497,2010,"HUMAN_OBSERVATION"
"D000080","Carex atherodes",-107.77416,52.03373,2004,"HUMAN_OBSERVATION"
"D000081","Carex aquatilis",-108.02,52.35987,1998,"HUMAN_OBSERVATION"
"D000082","Salix exigua",-107.50569,51.99605,1998,"PRESERVED_SPECIMEN"
"D000083","Carex utriculata",-105.95162,52.22174,2008,"PRESERVED_SPECIMEN"
"D000084","Salix discolor",-107.98764,52.07039,2009,"HUMAN_OBSERVATION"
"D000085","Salix bebbiana",-106.46498,52.36297,2016,"HUMAN_OBSERVATION"
"D000086","Carex atherodes",-105.91873,52.38285,2011,"PRESERVED_SPECIMEN"
"D000087","Salix discolor",-107.95342,52.34401,1998,"PRESERVED_SPECIMEN"
"D000088","Salix bebbiana",-107.06452,51.43771,2023,"HUMAN_OBSERVATION"
"D000089","Salix petiolaris",-105.84396,52.47897,2011,"HUMAN_OBSERVATION"
"D000090","Salix bebbiana",-107.72904,51.98089,1998,"PRESERVED_SPECIMEN"
"D000091","Salix lutea",-106.8364,51.94507,2020,"PRESERVED_SPECIMEN"
"D000092","Salix exigua",-107.47001,52.8872,2022,"HUMAN_OBSERVATION"
"D000093","Salix lutea",-105.55564,52.47317,2007,"HUMAN_OBSERVATION"
"D000094","Carex atherodes",-108.0221,52.63464,2019,"HUMAN_OBSERVATION"
"D000095","Carex atherodes",-107.85981,51.94134,2014,"HUMAN_OBSERVATION"
"D000096","Carex aquatilis",-106.22645,53.19942,2008,"HUMAN_OBSERVATION"
"D000097","Salix candida",-105.9257,52.83842,2002,"HUMAN_OBSERVATION"
"D000098","Salix discolor",-106.94358,51.45809,2017,"PRESERVED_SPECIMEN"
"D000099","Salix lutea",-106.9479,52.20854,2024,"HUMAN_OBSERVATION"
"D000100","Salix petiolaris",-106.06476,53.07116,2017,"HUMAN_OBSERVATION"
"D000101","Carex utriculata",-106.29725,52.57957,1999,"PRESERVED_SPECIMEN"
"D000102","Carex duriuscula",-106.2721,52.75574,2012,"PRESERVED_SPECIMEN"
"D000103","Salix discolor",-107.94133,52.016,1997,"HUMAN_OBSERVATION"
"D000104","Carex siccata",-108.15225,52.03817,2002,"PRESERVED_SPECIMEN"
"D000105","Salix candida",-106.51847,53.08258,2020,"HUMAN_OBSERVATION"
"D000106","Salix lutea",-107.21926,52.37648,2004,"HUMAN_OBSERVATION"
"D000107","Carex aquatilis",-106.90072,52.28602,2004,"HUMAN_OBSERVATION"
"D000108","Salix candida",-106.47427,52.73177,2021,"PRESERVED_SPECIMEN"
"D000109","Salix bebbiana",-106.716,52.21816,2019,"HUMAN_OBSERVATION"
"D000110","Carex aquatilis",-107.46987,52.22997,1999,"HUMAN_OBSERVATION"
"D000111","Carex utriculata",-106.58228,51.52227,2015,"HUMAN_OBSERVATION"
"D000112","Carex aquatilis",-107.13867,51.78901,2002,"HUMAN_OBSERVATION"
"D000113","Salix bebbiana",-107.14375,52.87463,2011,"HUMAN_OBSERVATION"
"D000114","Salix discolor",-106.96023,52.50827,2012,"HUMAN_OBSERVATION"
"D000115","Salix petiolaris",-105.61733,52.81897,1998,"HUMAN_OBSERVATION"
"D000116","Carex praegracilis",-107.69205,51.94413,2016,"HUMAN_OBSERVATION"
"D000117","Carex siccata",-106.09203,52.68762,2019,"PRESERVED_SPECIMEN"
"D000118","Salix exigua",-106.97579,53.05639,2012,"PRESERVED_SPECIMEN"
"D000119","Carex praegracilis",-107.78158,52.44556,2014,"HUMAN_OBSERVATION"
"D000120","Salix bebbiana",-106.78248,52.81615,2022,"HUMAN_OBSERVATION"
"D000121","Salix exigua",-107.73153,52.81723,2015,"PRESERVED_SPECIMEN"
"D000122","Salix exigua",-107.90069,52.70728,2024,"PRESERVED_SPECIMEN"
"D000123","Carex atherodes",-106.05122,52.96026,2015,"HUMAN_OBSERVATION"
"D000124","Carex praegracilis",-105.84977,52.12334,2023,"HUMAN_OBSERVATION"
"D000125","Carex aquatilis",-107.72964,51.85853,2012,"HUMAN_OBSERVATION"
"D000126","Salix discolor",-105.94265,52.8835,2008,"PRESERVED_SPECIMEN"
"D000127","Salix bebbiana",-105.96413,52.97442,2005,"HUMAN_OBSERVATION"
"D000128","Carex aquatilis",-108.08905,52.02169,2014,"HUMAN_OBSERVATION"
"D000129","Salix petiolaris",-106.45848,52.40538,1997,"PRESERVED_SPECIMEN"
"D000130","Salix bebbiana",-106.63439,52.86005,2000,"PRESERVED_SPECIMEN"
"D000131","Carex utriculata",-105.77375,52.15272,2005,"HUMAN_OBSERVATION"
"D000132","Carex atherodes",-106.20248,51.80202,1999,"PRESERVED_SPECIMEN"
"D000133","Salix exigua",-107.00301,52.26187,2022,"HUMAN_OBSERVATION"
"D000134","Salix petiolaris",-107.08199,52.14071,2011,"HUMAN_OBSERVATION"
"D000135","Carex aquatilis",-106.41631,53.32874,2000,"PRESERVED_SPECIMEN"
"D000136","Salix discolor",-107.07739,52.83652,2022,"HUMAN_OBSERVATION"
"D000137","Salix discolor",-105.9798,52.85511,2001,"PRESERVED_SPECIMEN"
"D000138","Salix discolor",-106.57785,51.67792,2011,"PRESERVED_SPECIMEN"
"D000139","Salix exigua",-105.60061,52.45057,2006,"PRESERVED_SPECIMEN"
"D000140","Carex praegracilis",-107.35691,51.88653,1996,"PRESERVED_SPECIMEN"
"D000141","Carex duriuscula",-106.11555,52.7392,1997,"PRESERVED_SPECIMEN"
"D000142","Carex aquatilis",-107.52662,52.13327,2015,"HUMAN_OBSERVATION"
"D000143","Salix exigua",-106.08853,52.15446,1996,"HUMAN_OBSERVATION"
"D000144","Carex atherodes",-106.11872,53.02557,2004,"HUMAN_OBSERVATION"
"D000145","Salix discolor",-106.21756,52.72549,2014,"HUMAN_OBSERVATION"
"D000146","Salix petiolaris",-107.84783,51.96555,2019,"HUMAN_OBSERVATION"
"D000147","Salix bebbiana",-107.85884,52.58574,1995,"HUMAN_OBSERVATION"
"D000148","Salix exigua",-107.97336,51.894,2005,"HUMAN_OBSERVATION"
"D000149","Salix lutea",-107.86638,52.3321,1996,"HUMAN_OBSERVATION"
"D000150","Carex aquatilis",-108.078,52.0937,1999,"HUMAN_OBSERVATION"
"D000151","Salix exigua",-106.85437,52.21024,2001,"HUMAN_OBSERVATION"
"D000152","Carex atherodes",-106.32378,53.09966,2022,"HUMAN_OBSERVATION"
"D000153","Carex aquatilis",-107.86477,52.04335,2021,"HUMAN_OBSERVATION"
"D000154","Salix exigua",-105.81562,51.84332,2002,"PRESERVED_SPECIMEN"
"D000155","Salix lutea",-107.06147,51.44886,2024,"PRESERVED_SPECIMEN"
"D000156","Salix lutea",-105.85356,52.1053,2007,"PRESERVED_SPECIMEN"
"D000157","Salix petiolaris",-106.39139,53.10723,2014,"PRESERVED_SPECIMEN"
"D000158","Carex aquatilis",-107.0215,53.21597,2017,"HUMAN_OBSERVATION"
"D000159","Salix exigua",-106.90815,51.65138,1997,"HUMAN_OBSERVATION"
"D000160","Salix bebbiana",-106.9372,52.96745,2012,"HUMAN_OBSERVATION"
"D000161","Carex atherodes",-107.39596,51.6737,2013,"HUMAN_OBSERVATION"
"D000162","Carex praegracilis",-105.94032,52.93325,1997,"HUMAN_OBSERVATION"
"D000163","Salix petiolaris",-107.79378,52.65494,2007,"HUMAN_OBSERVATION"
"D000164","Carex praegracilis",-106.64041,51.7872,2011,"HUMAN_OBSERVATION"
"D000165","Salix lutea",-105.76494,52.94674,2006,"HUMAN_OBSERVATION"
"D000166","Salix exigua",-106.80937,51.6421,2023,"HUMAN_OBSERVATION"
"D000167","Carex utriculata",-107.52338,51.78098,2016,"PRESERVED_SPECIMEN"
"D000168","Carex aquatilis",-105.78073,52.19677,2018,"HUMAN_OBSERVATION"
"D000169","Salix exigua",-106.83225,52.96243,2010,"PRESERVED_SPECIMEN"
"D000170","Salix exigua",-107.45522,51.64524,1999,"HUMAN_OBSERVATION"
"D000171","Carex aquatilis",-107.39903,52.27518,2005,"HUMAN_OBSERVATION"
"D000172","Salix bebbiana",-106.23464,52.11481,1995,"PRESERVED_SPECIMEN"
"D000173","Salix discolor",-107.09236,53.06674,2022,"PRESERVED_SPECIMEN"
"D000174","Carex siccata",-105.91006,51.78622,2017,"HUMAN_OBSERVATION"
"D000175","Salix bebbiana",-105.57722,52.52347,2005,"HUMAN_OBSERVATION"
"D000176","Salix bebbiana",-107.09288,52.99089,1999,"HUMAN_OBSERVATION"
"D000177","Carex utriculata",-107.16052,53.04809,2008,"HUMAN_OBSERVATION"
"D000178","Carex siccata",-107.05811,52.01954,2013,"HUMAN_OBSERVATION"
"D000179","Carex utriculata",-107.93072,52.34771,2005,"PRESERVED_SPECIMEN"
"D000180","Salix bebbiana",-107.79972,52.65292,2004,"PRESERVED_SPECIMEN"
"D000181","Salix candida",-107.01896,52.82057,1999,"PRESERVED_SPECIMEN"
"D000182","Salix discolor",-105.97644,52.08621,2012,"HUMAN_OBSERVATION"
"D000183","Carex aquatilis",-106.76779,52.39979,2020,"HUMAN_OBSERVATION"
"D000184","Salix bebbiana",-106.77593,52.90043,2016,"PRESERVED_SPECIMEN"
"D000185","Carex praegracilis",-107.81511,52.75147,2021,"HUMAN_OBSERVATION"
"D000186","Salix exigua",-107.04083,51.88886,1999,"HUMAN_OBSERVATION"
"D000187","Salix bebbiana",-107.40291,51.73155,2008,"PRESERVED_SPECIMEN"
"D000188","Carex praegracilis",-107.36659,52.09745,1999,"HUMAN_OBSERVATION"
"D000189","Carex utriculata",-106.24472,51.5386,2022,"PRESERVED_SPECIMEN"
"D000190","Salix petiolaris",-107.73526,52.32644,2018,"HUMAN_OBSERVATION"
"D000191","Carex siccata",-106.6513,53.24238,2017,"HUMAN_OBSERVATION"
"D000192","Salix petiolaris",-106.18004,52.70982,2018,"HUMAN_OBSERVATION"
"D000193","Salix petiolaris",-107.47777,52.23087,2012,"HUMAN_OBSERVATION"
"D000194","Salix candida",-106.56927,52.73247,2002,"HUMAN_OBSERVATION"
"D000195","Salix candida",-107.65533,52.22834,2008,"HUMAN_OBSERVATION"
"D000196","Carex aquatilis",-107.64108,52.09243,2007,"HUMAN_OBSERVATION"
"D000197","Salix petiolaris",-107.97256,52.58424,2012,"PRESERVED_SPECIMEN"
"D000198","Salix petiolaris",-107.87822,51.59661,1998,"HUMAN_OBSERVATION"
"D000199","Carex aquatilis",-106.23642,51.58574,2020,"PRESERVED_SPECIMEN"
"D000200","Salix petiolaris",-106.89804,53.27839,2020,"HUMAN_OBSERVATION"
"D000201","Carex aquatilis",-106.44204,52.03609,2022,"HUMAN_OBSERVATION"
"D000202","Salix lutea",-107.86732,52.15818,2017,"PRESERVED_SPECIMEN"
"D000203","Carex aquatilis",-107.13005,52.23267,2003,"HUMAN_OBSERVATION"
"D000204","Carex aquatilis",-106.21358,52.32265,2023,"HUMAN_OBSERVATION"
"D000205","Carex praegracilis",-106.55418,53.22419,2019,"PRESERVED_SPECIMEN"
"D000206","Salix exigua",-107.90239,52.57123,1996,"HUMAN_OBSERVATION"
"D000207","Carex aquatilis",-106.61909,53.35731,2008,"HUMAN_OBSERVATION"
"D000208","Carex aquatilis",-107.60392,51.94002,2021,"HUMAN_OBSERVATION"
"D000209","Salix discolor",-107.17864,51.92014,2013,"HUMAN_OBSERVATION"
"D000210","Carex utriculata",-105.94258,52.30277,1998,"PRESERVED_SPECIMEN"
"D000211","Carex atherodes",-105.79686,52.59742,2014,"HUMAN_OBSERVATION"
"D000212","Salix bebbiana",-106.13854,52.32628,2018,"HUMAN_OBSERVATION"
"D000213","Carex praegracilis",-106.64592,51.50391,1995,"HUMAN_OBSERVATION"
"D000214","Carex aquatilis",-107.12732,52.79558,2020,"HUMAN_OBSERVATION"
"D000215","Salix exigua",-105.93645,53.13744,2001,"HUMAN_OBSERVATION"
"D000216","Salix bebbiana",-106.13224,52.53029,1996,"PRESERVED_SPECIMEN"
"D000217","Carex atherodes",-106.43356,51.71327,2009,"PRESERVED_SPECIMEN"
"D000218","Salix lutea",-106.23354,51.73533,2017,"HUMAN_OBSERVATION"
"D000219","Carex aquatilis",-105.69867,52.82944,2022,"PRESERVED_SPECIMEN"
"D000220","Salix petiolaris",-106.51661,51.53835,1996,"HUMAN_OBSERVATION"
"D000221","Salix lutea",-107.57986,52.89525,2005,"HUMAN_OBSERVATION"
"D000222","Carex aquatilis",-105.8552,52.98916,1998,"PRESERVED_SPECIMEN"
"D000223","Carex duriuscula",-106.43876,51.8238,2022,"HUMAN_OBSERVATION"
"D000224","Carex utriculata",-107.21195,51.9633,2016,"HUMAN_OBSERVATION"
"D000225","Salix candida",-108.02659,52.25688,2015,"HUMAN_OBSERVATION"
"D000226","Salix bebbiana",-107.53341,52.89393,2021,"PRESERVED_SPECIMEN"
"D000227","Salix bebbiana",-106.47814,52.09502,2013,"HUMAN_OBSERVATION"
"D000228","Salix bebbiana",-105.51486,52.4517,2002,"HUMAN_OBSERVATION"
"D000229","Salix lutea",-106.39173,51.61838,2003,"PRESERVED_SPECIMEN"
"D000230","Salix bebbiana",-106.80287,52.21386,2002,"PRESERVED_SPECIMEN"
"D000231","Carex aquatilis",-106.80499,52.28899,2022,"HUMAN_OBSERVATION"
"D000232","Salix discolor",-107.09385,51.46221,2018,"HUMAN_OBSERVATION"
"D000233","Salix bebbiana",-107.215,52.695,2001,"HUMAN_OBSERVATION"
"D000234","Salix petiolaris",-107.66526,52.96951,2005,"HUMAN_OBSERVATION"
"D000235","Carex atherodes",-107.46247,52.35748,1999,"HUMAN_OBSERVATION"
"D000236","Carex atherodes",-105.46219,52.53127,2020,"HUMAN_OBSERVATION"
"D000237","Salix discolor",-106.64742,52.98342,2010,"HUMAN_OBSERVATION"
"D000238","Salix exigua",-106.17817,52.50272,2000,"PRESERVED_SPECIMEN"
"D000239","Salix exigua",-108.08174,52.29038,2001,"HUMAN_OBSERVATION"
"D000240","Salix petiolaris",-106.69462,51.72628,2024,"HUMAN_OBSERVATION"
"D000241","Carex utriculata",-105.70991,52.74922,2005,"PRESERVED_SPECIMEN"
"D000242","Salix discolor",-107.20252,52.738,1996,"HUMAN_OBSERVATION"
"D000243","Carex utriculata",-105.89629,52.8903,2020,"HUMAN_OBSERVATION"
"D000244","Salix bebbiana",-107.3257,51.88153,2009,"HUMAN_OBSERVATION"
"D000245","Carex aquatilis",-107.09322,51.57079,2020,"HUMAN_OBSERVATION"
"D000246","Carex utriculata",-106.56981,52.04695,2021,"PRESERVED_SPECIMEN"
"D000247","Salix lutea",-107.13085,52.76664,2018,"PRESERVED_SPECIMEN"
"D000248","Salix petiolaris",-106.36675,52.56911,2002,"HUMAN_OBSERVATION"
"D000249","Salix bebbiana",-106.70382,52.17452,1999,"HUMAN_OBSERVATION"
"D000250","Carex utriculata",-106.71889,52.14515,1995,"HUMAN_OBSERVATION"
"D000251","Salix discolor",-105.69986,52.05405,2024,"PRESERVED_SPECIMEN"
"D000252","Salix candida",-106.02999,52.12919,2024,"PRESERVED_SPECIMEN"
"D000253","Salix discolor",-106.61552,52.12477,2018,"HUMAN_OBSERVATION"
"D000254","Carex utriculata",-105.89138,52.78801,2024,"HUMAN_OBSERVATION"
"D000255","Salix discolor",-107.21282,52.36212,2006,"HUMAN_OBSERVATION"
"D000256","Salix bebbiana",-106.23612,52.15088,1998,"HUMAN_OBSERVATION"
"D000257","Carex atherodes",-106.08145,52.20862,2000,"HUMAN_OBSERVATION"
"D000258","Salix petiolaris",-106.51864,51.50529,1996,"HUMAN_OBSERVATION"
"D000259","Salix bebbiana",-106.29351,53.20573,2015,"PRESERVED_SPECIMEN"
"D000260","Salix discolor",-106.10396,52.79525,2014,"PRESERVED_SPECIMEN"
"D000261","Salix bebbiana",-105.91411,52.85077,2018,"HUMAN_OBSERVATION"
"D000262","Salix lutea",-107.4914,53.06742,2008,"HUMAN_OBSERVATION"
"D000263","Carex utriculata",-107.20954,52.75263,2010,"HUMAN_OBSERVATION"
"D000264","Salix bebbiana",-106.27202,52.56483,1999,"HUMAN_OBSERVATION"
"D000265","Carex aquatilis",-108.12817,52.30307,1997,"HUMAN_OBSERVATION"
"D000266","Salix discolor",-107.19393,52.31922,2008,"HUMAN_OBSERVATION"
"D000267","Salix bebbiana",-107.49605,52.10931,2000,"PRESERVED_SPECIMEN"
"D000268","Salix bebbiana",-108.05552,52.32344,2015,"PRESERVED_SPECIMEN"
"D000269","Salix discolor",-106.28522,52.37158,2008,"HUMAN_OBSERVATION"
"D000270","Salix petiolaris",-107.78249,52.01365,2002,"HUMAN_OBSERVATION"
"D000271","Carex atherodes",-107.33349,51.61106,1998,"PRESERVED_SPECIMEN"
"D000272","Carex utriculata",-106.25786,53.17048,2004,"PRESERVED_SPECIMEN"
"D000273","Salix petiolaris",-106.21013,52.81869,2022,"HUMAN_OBSERVATION"
"D000274","Salix bebbiana",-107.02064,51.90778,2005,"HUMAN_OBSERVATION"
"D000275","Salix petiolaris",-105.8013,52.20786,2004,"HUMAN_OBSERVATION"
"D000276","Salix bebbiana",-106.42939,53.29434,2022,"PRESERVED_SPECIMEN"
"D000277","Carex praegracilis",-105.67702,52.53045,1997,"HUMAN_OBSERVATION"
"D000278","Carex aquatilis",-107.14078,52.7637,2017,"HUMAN_OBSERVATION"
"D000279","Carex aquatilis",-106.1834,53.10911,2022,"HUMAN_OBSERVATION"
"D000280","Salix lutea",-107.70871,51.78148,1997,"HUMAN_OBSERVATION"
"D000281","Salix bebbiana",-106.27536,51.66152,2004,"HUMAN_OBSERVATION"
"D000282","Salix petiolaris",-105.69443,52.43271,2024,"PRESERVED_SPECIMEN"
"D000283","Salix bebbiana",-108.10227,51.92205,2014,"PRESERVED_SPECIMEN"
"D000284","Carex atherodes",-106.06915,52.50679,2015,"HUMAN_OBSERVATION"
"D000285","Salix petiolaris",-106.79755,52.2995,2010,"HUMAN_OBSERVATION"
"D000286","Carex praegracilis",-106.28834,51.66108,2002,"HUMAN_OBSERVATION"
"D000287","Salix discolor",-107.58859,52.19496,2019,"HUMAN_OBSERVATION"
"D000288","Carex aquatilis",-108.04445,52.12582,2002,"PRESERVED_SPECIMEN"
"D000289","Salix bebbiana",-106.57219,52.3821,2001,"PRESERVED_SPECIMEN"
"D000290","Salix exigua",-106.61489,51.85388,2023,"HUMAN_OBSERVATION"
"D000291","Salix bebbiana",-105.82913,52.13555,2017,"HUMAN_OBSERVATION"
"D000292","Carex atherodes",-106.07962,52.23473,2022,"HUMAN_OBSERVATION"
"D000293","Carex atherodes",-107.76256,51.8898,1995,"PRESERVED_SPECIMEN"
"D000294","Salix petiolaris",-107.05894,53.02113,2024,"HUMAN_OBSERVATION"
"D000295","Salix exigua",-107.56707,52.49295,2020,"HUMAN_OBSERVATION"
"D000296","Carex praegracilis",-106.86886,52.17119,2017,"HUMAN_OBSERVATION"
"D000297","Salix bebbiana",-106.63949,51.51747,2022,"HUMAN_OBSERVATION"
"D000298","Salix discolor",-105.92998,52.80508,1999,"PRESERVED_SPECIMEN"
"D000299","Carex aquatilis",-107.0774,52.26601,2000,"PRESERVED_SPECIMEN"
"D000300","",-106.33269,53.11487,1995,"HUMAN_OBSERVATION"
"D000301","Salix discolor",-108.00051,52.26553,2007,"HUMAN_OBSERVATION"
"D000302","Carex atherodes",-107.51456,51.82977,2010,"HUMAN_OBSERVATION"
"D000303","Carex aquatilis",-106.2063,52.42845,2011,"PRESERVED_SPECIMEN"
"D000304","Salix discolor",-107.39794,52.10113,2009,"HUMAN_OBSERVATION"
"D000305","Carex utriculata",-107.31413,52.13272,2006,"PRESERVED_SPECIMEN"
"D000306","Salix lutea",-106.1286,51.63626,2020,"HUMAN_OBSERVATION"
"D000307","Salix discolor",-106.36562,53.22769,2006,"HUMAN_OBSERVATION"
"D000308","Salix discolor",-106.07862,52.88871,2012,"HUMAN_OBSERVATION"
"D000309","Salix bebbiana",-106.44822,51.66442,2003,"PRESERVED_SPECIMEN"
"D000310","Salix lutea",-106.24189,52.84353,2007,"PRESERVED_SPECIMEN"
"D000311","Salix lutea",-107.42884,51.63592,2007,"HUMAN_OBSERVATION"
"D000312","Carex aquatilis",-105.63845,52.53911,2012,"PRESERVED_SPECIMEN"
"D000313","Carex utriculata",-105.79244,52.92116,1997,"PRESERVED_SPECIMEN"
"D000314","Carex aquatilis",-106.67912,53.24467,2019,"PRESERVED_SPECIMEN"
"D000315","Salix bebbiana",-107.4799,52.48432,2012,"PRESERVED_SPECIMEN"
"D000316","Salix discolor",-106.86887,51.82767,2018,"HUMAN_OBSERVATION"
"D000317","Salix discolor",-107.51266,52.00804,2024,"HUMAN_OBSERVATION"
"D000318","Salix exigua",-106.65032,52.01374,2020,"PRESERVED_SPECIMEN"
"D000319","Salix bebbiana",-105.73467,52.91376,2007,"HUMAN_OBSERVATION"
"D000320","Carex aquatilis",-106.88205,53.03071,2024,"HUMAN_OBSERVATION"
"D000321","Salix lutea",-106.88348,52.95165,1996,"HUMAN_OBSERVATION"
"D000322","Salix lutea",-106.77065,53.26395,2012,"PRESERVED_SPECIMEN"
"D000323","Salix exigua",-107.82306,52.54616,2013,"HUMAN_OBSERVATION"
"D000324","Carex utriculata",-106.5352,53.14797,2002,"PRESERVED_SPECIMEN"
"D000325","Salix discolor",-106.89442,52.90339,2021,"PRESERVED_SPECIMEN"
"D000326","Salix exigua",-107.42653,51.74255,2023,"PRESERVED_SPECIMEN"
"D000327","Carex aquatilis",-106.30471,52.21741,2020,"PRESERVED_SPECIMEN"
"D000328","Carex atherodes",-107.08275,53.26151,2003,"HUMAN_OBSERVATION"
"D000329","Salix discolor",-106.22044,52.01545,2024,"HUMAN_OBSERVATION"
"D000330","Salix bebbiana",-106.1531,52.58853,2021,"HUMAN_OBSERVATION"
"D000331","Salix discolor",-105.64912,51.9677,2021,"HUMAN_OBSERVATION"
"D000332","Salix lutea",-107.44851,53.07548,2008,"HUMAN_OBSERVATION"
"D000333","Carex aquatilis",-106.09881,52.09024,2007,"HUMAN_OBSERVATION"
"D000334","Salix discolor",-107.15584,51.79805,1999,"PRESERVED_SPECIMEN"
"D000335","Carex aquatilis",-107.04347,53.21634,2003,"PRESERVED_SPECIMEN"
"D000336","Carex praegracilis",-107.24049,52.07422,1997,"HUMAN_OBSERVATION"
"D000337","Salix bebbiana",-107.20704,52.42548,2011,"HUMAN_OBSERVATION"
"D000338","Carex aquatilis",-106.44794,52.17444,1998,"HUMAN_OBSERVATION"
"D000339","Carex atherodes",-106.83573,52.292,1997,"PRESERVED_SPECIMEN"
"D000340","Salix discolor",-106.70263,52.13053,2005,"HUMAN_OBSERVATION"
"D000341","Carex aquatilis",-106.87095,52.94421,2023,"HUMAN_OBSERVATION"
"D000342","Salix lutea",-107.487,51.90816,2023,"HUMAN_OBSERVATION"
"D000343","Carex atherodes",-107.35146,52.75771,1999,"HUMAN_OBSERVATION"
"D000344","Carex aquatilis",-107.54162,52.14512,2007,"HUMAN_OBSERVATION"
"D000345","Salix lutea",-106.17883,52.24406,2001,"HUMAN_OBSERVATION"
"D000346","Salix petiolaris",-105.8744,52.41419,2014,"PRESERVED_SPECIMEN"
"D000347","Salix bebbiana",-106.01123,52.84119,2016,"HUMAN_OBSERVATION"
"D000348","Carex duriuscula",-105.78496,51.88552,2023,"PRESERVED_SPECIMEN"
"D000349","Salix discolor",-107.15006,51.9597,2010,"HUMAN_OBSERVATION"
"D000350","Salix lutea",-107.84794,52.51152,2007,"PRESERVED_SPECIMEN"
"D000351","Salix bebbiana",-105.7594,52.33294,2014,"PRESERVED_SPECIMEN"
"D000352","Salix exigua",-106.848,53.00489,2009,"HUMAN_OBSERVATION"
"D000353","Carex aquatilis",-107.69221,52.35537,2004,"PRESERVED_SPECIMEN"
"D000354","Salix discolor",-106.98819,51.4908,2012,"HUMAN_OBSERVATION"
"D000355","Carex utriculata",-105.63651,52.79248,2002,"PRESERVED_SPECIMEN"
"D000356","Carex aquatilis",-107.3988,52.68617,2017,"PRESERVED_SPECIMEN"
"D000357","Carex aquatilis",-105.97685,51.86619,2016,"HUMAN_OBSERVATION"
"D000358","Salix exigua",-106.51515,52.26174,1997,"PRESERVED_SPECIMEN"
"D000359","Salix bebbiana",-105.788,53.00607,2003,"HUMAN_OBSERVATION"
"D000360","Carex aquatilis",-107.83337,52.2334,2016,"HUMAN_OBSERVATION"
"D000361","Salix petiolaris",-105.8043,52.34281,2004,"HUMAN_OBSERVATION"
"D000362","Salix lutea",-106.62963,51.72784,2016,"HUMAN_OBSERVATION"
"D000363","Salix exigua",-105.95086,52.08013,2022,"HUMAN_OBSERVATION"
"D000364","Salix exigua",-106.98204,52.77824,2011,"PRESERVED_SPECIMEN"
"D000365","Salix discolor",-106.60838,51.57296,2001,"HUMAN_OBSERVATION"
"D000366","Carex aquatilis",-107.3532,52.28505,2000,"HUMAN_OBSERVATION"
"D000367","Salix bebbiana",-105.82687,52.18432,2006,"PRESERVED_SPECIMEN"
"D000368","Salix candida",-108.08581,52.18355,2001,"PRESERVED_SPECIMEN"
"D000369","Salix discolor",-107.10628,51.79811,2019,"HUMAN_OBSERVATION"
"D000370","Salix petiolaris",-106.91404,51.839,2010,"HUMAN_OBSERVATION"
"D000371","Salix exigua",-105.80554,52.06176,2006,"HUMAN_OBSERVATION"
"D000372","Carex atherodes",-107.94939,51.76348,2018,"PRESERVED_SPECIMEN"
"D000373","Salix discolor",-106.63537,52.73522,2001,"HUMAN_OBSERVATION"
"D000374","Salix bebbiana",-105.84774,52.36485,2001,"HUMAN_OBSERVATION"
"D000375","Salix bebbiana",-106.97918,52.06416,2016,"HUMAN_OBSERVATION"
"D000376","Salix exigua",-107.74262,52.34823,2003,"HUMAN_OBSERVATION"
"D000377","Carex duriuscula",-106.21294,53.25368,2022,"PRESERVED_SPECIMEN"
"D000378","Carex aquatilis",-106.83099,52.83926,1999,"HUMAN_OBSERVATION"
"D000379","Carex duriuscula",-107.8503,51.68443,2003,"PRESERVED_SPECIMEN"
"D000380","Carex aquatilis",-107.06416,52.17221,1998,"HUMAN_OBSERVATION"
"D000381","Salix discolor",-105.92616,52.28879,2016,"HUMAN_OBSERVATION"
"D000382","Carex aquatilis",-107.17633,52.67369,2019,"PRESERVED_SPECIMEN"
"D000383","Carex aquatilis",-106.2186,52.62902,2010,"HUMAN_OBSERVATION"
"D000384","Carex atherodes",-107.48776,52.82664,1995,"PRESERVED_SPECIMEN"
"D000385","Salix bebbiana",-106.16008,52.1778,2019,"HUMAN_OBSERVATION"
"D000386","Salix petiolaris",-105.80133,52.2078,2002,"HUMAN_OBSERVATION"
"D000387","Carex atherodes",-107.29098,51.44664,2023,"HUMAN_OBSERVATION"
"D000388","Carex aquatilis",-106.50016,52.88016,2014,"HUMAN_OBSERVATION"
"D000389","Salix bebbiana",-106.0526,52.38442,1997,"HUMAN_OBSERVATION"
"D000390","Salix discolor",-108.0919,52.42423,2018,"HUMAN_OBSERVATION"
"D000391","Salix bebbiana",-106.22499,53.10096,2001,"HUMAN_OBSERVATION"
"D000392","Salix discolor",-107.3444,51.96428,2011,"HUMAN_OBSERVATION"
"D000393","Carex aquatilis",-106.70172,51.6384,2005,"PRESERVED_SPECIMEN"
"D000394","Salix petiolaris",-106.72951,52.12767,1999,"HUMAN_OBSERVATION"
"D000395","Salix candida",-106.99958,51.90012,2015,"HUMAN_OBSERVATION"
"D000396","Salix discolor",-106.35611,52.19403,2006,"PRESERVED_SPECIMEN"
"D000397","Salix bebbiana",-106.41753,52.99058,2016,"HUMAN_OBSERVATION"
"D000398","Salix candida",-107.61881,51.52278,2005,"HUMAN_OBSERVATION"
"D000399","Carex praegracilis",-106.42562,52.961,2022,"HUMAN_OBSERVATION"
"D000400","Salix petiolaris",-106.766,52.37213,2008,"HUMAN_OBSERVATION"
"D000401","Salix exigua",-106.69836,51.81453,2010,"HUMAN_OBSERVATION"
"D000402","Salix bebbiana",-107.45095,51.8008,1995,"HUMAN_OBSERVATION"
"D000403","Salix bebbiana",-105.66514,52.08065,2007,"PRESERVED_SPECIMEN"
"D000404","Salix bebbiana",-108.04287,52.51752,2018,"HUMAN_OBSERVATION"
"D000405","Carex utriculata",-106.66771,53.3141,2020,"PRESERVED_SPECIMEN"
"D000406","Salix bebbiana",-106.93229,51.49648,1999,"HUMAN_OBSERVATION"
"D000407","Salix exigua",-106.10849,52.88759,1996,"HUMAN_OBSERVATION"
"D000408","Carex duriuscula",-106.71292,51.73165,2017,"PRESERVED_SPECIMEN"
"D000409","Salix discolor",-106.53471,51.94943,2001,"HUMAN_OBSERVATION"
"D000410","Salix candida",-106.4265,53.15946,2010,"HUMAN_OBSERVATION"
"D000411","Salix petiolaris",-105.64168,52.64572,2008,"HUMAN_OBSERVATION"
"D000412","Salix discolor",-107.97755,52.2574,2005,"HUMAN_OBSERVATION"
"D000413","Carex praegracilis",-106.55236,52.96112,2001,"HUMAN_OBSERVATION"
"D000414","Salix exigua",-107.7535,51.72185,1999,"HUMAN_OBSERVATION"
"D000415","Carex atherodes",-106.15823,52.48252,2002,"PRESERVED_SPECIMEN"
"D000416","Carex aquatilis",-105.99069,51.99414,1996,"PRESERVED_SPECIMEN"
"D000417","Salix bebbiana",-107.22672,52.78212,2016,"HUMAN_OBSERVATION"
"D000418","Salix bebbiana",-106.56466,51.69257,2011,"HUMAN_OBSERVATION"
"D000419","Salix bebbiana",-107.58963,52.31755,2006,"HUMAN_OBSERVATION"
"D000420","Salix exigua",-106.72863,52.21971,2014,"PRESERVED_SPECIMEN"
"D000421","Salix discolor",-107.21121,51.96683,1998,"PRESERVED_SPECIMEN"
"D000422","Salix petiolaris",-105.7816,51.92015,2008,"HUMAN_OBSERVATION"
"D000423","Salix lutea",-107.70749,52.80778,2019,"HUMAN_OBSERVATION"
"D000424","Salix petiolaris",-105.96758,52.84579,2016,"HUMAN_OBSERVATION"
"D000425","Salix petiolaris",-107.51362,52.07381,1996,"HUMAN_OBSERVATION"
"D000426","Salix discolor",-108.12315,52.00811,1999,"HUMAN_OBSERVATION"
"D000427","Salix exigua",-105.99022,52.44092,2002,"PRESERVED_SPECIMEN"
"D000428","Carex utriculata",-107.10092,52.03994,2009,"PRESERVED_SPECIMEN"
"D000429","Salix discolor",-105.5363,52.62093,2005,"HUMAN_OBSERVATION"
"D000430","Salix discolor",-106.24492,52.48889,2002,"HUMAN_OBSERVATION"
"D000431","Carex siccata",-107.25269,52.18865,2002,"PRESERVED_SPECIMEN"
"D000432","Salix bebbiana",-106.42946,51.71706,2014,"PRESERVED_SPECIMEN"
"D000433","Salix discolor",-106.43359,53.30108,2022,"PRESERVED_SPECIMEN"
"D000434","Salix petiolaris",-106.07302,52.1133,2015,"HUMAN_OBSERVATION"
"D000435","Carex atherodes",-105.66508,52.49464,2022,"PRESERVED_SPECIMEN"
"D000436","Salix bebbiana",-105.79418,52.24073,2023,"HUMAN_OBSERVATION"
"D000437","Carex aquatilis",-107.89332,51.64048,2007,"HUMAN_OBSERVATION"
"D000438","Carex atherodes",-106.19791,52.80536,2011,"HUMAN_OBSERVATION"
"D000439","Salix lutea",-106.64796,52.96762,2009,"HUMAN_OBSERVATION"
"D000440","Salix discolor",-106.37915,52.57105,2024,"PRESERVED_SPECIMEN"
"D000441","Carex utriculata",-106.06774,52.54824,2015,"HUMAN_OBSERVATION"
"D000442","Salix bebbiana",-105.98488,53.0095,2010,"HUMAN_OBSERVATION"
"D000443","Salix petiolaris",-107.462,51.59447,2004,"PRESERVED_SPECIMEN"
"D000444","Salix bebbiana",-106.35751,51.65385,2011,"HUMAN_OBSERVATION"
"D000445","Salix exigua",-107.14923,52.46467,2023,"HUMAN_OBSERVATION"
"D000446","Carex siccata",-106.18418,51.94566,2013,"HUMAN_OBSERVATION"
"D000447","Carex aquatilis",-105.80004,52.38866,2012,"PRESERVED_SPECIMEN"
"D000448","Carex praegracilis",-107.44355,52.37025,1996,"HUMAN_OBSERVATION"
"D000449","Salix bebbiana",-105.90338,51.75679,2004,"HUMAN_OBSERVATION"
"D000450","Carex duriuscula",-106.31444,52.65604,2015,"PRESERVED_SPECIMEN"
"D000451","Salix bebbiana",-106.17645,53.06773,2011,"PRESERVED_SPECIMEN"
"D000452","Salix petiolaris",-106.92058,52.93988,2000,"PRESERVED_SPECIMEN"
"D000453","Salix lutea",-107.07916,52.9798,2023,"PRESERVED_SPECIMEN"
"D000454","Carex aquatilis",-106.06404,52.02579,2016,"HUMAN_OBSERVATION"
"D000455","Salix discolor",-106.6002,53.12054,2005,"HUMAN_OBSERVATION"
"D000456","Carex duriuscula",-107.13014,53.0188,2015,"HUMAN_OBSERVATION"
"D000457","Salix petiolaris",-106.20975,52.28775,1996,"PRESERVED_SPECIMEN"
"D000458","Salix exigua",-106.37552,51.50636,1995,"HUMAN_OBSERVATION"
"D000459","Salix discolor",-106.9097,51.70253,2019,"PRESERVED_SPECIMEN"
"D000460","Carex utriculata",-107.66183,52.81965,2019,"PRESERVED_SPECIMEN"
"D000461","Salix candida",-106.04843,52.48082,1995,"HUMAN_OBSERVATION"
"D000462","Carex aquatilis",-106.78623,51.50122,2016,"HUMAN_OBSERVATION"
"D000463","Salix bebbiana",-107.25734,51.64676,1995,"HUMAN_OBSERVATION"
"D000464","Salix bebbiana",-105.55462,52.10995,1999,"PRESERVED_SPECIMEN"
"D000465","Salix discolor",-106.84448,53.02181,2007,"HUMAN_OBSERVATION"
"D000466","Salix petiolaris",-107.36712,53.12182,2018,"HUMAN_OBSERVATION"
"D000467","Carex praegracilis",-105.81657,52.71789,2014,"PRESERVED_SPECIMEN"
"D000468","Carex utriculata",-105.81601,52.41887,2017,"HUMAN_OBSERVATION"
"D000469","Carex atherodes",-106.80933,53.3157,1998,"HUMAN_OBSERVATION"
"D000470","Carex aquatilis",-107.47017,52.40204,2017,"HUMAN_OBSERVATION"
"D000471","Salix candida",-107.22725,51.62288,1996,"HUMAN_OBSERVATION"
"D000472","Salix candida",-107.80057,51.79103,2022,"HUMAN_OBSERVATION"
"D000473","Salix lutea",-107.90876,52.28584,2012,"PRESERVED_SPECIMEN"
"D000474","Salix petiolaris",-106.57824,52.81741,2003,"HUMAN_OBSERVATION"
"D000475","Salix discolor",-106.63006,51.58788,2008,"HUMAN_OBSERVATION"
"D000476","Carex praegracilis",-106.37705,52.44835,2014,"HUMAN_OBSERVATION"
"D000477","Salix exigua",-107.50441,52.23227,2017,"HUMAN_OBSERVATION"
"D000478","Carex duriuscula",-106.1092,51.91563,1995,"HUMAN_OBSERVATION"
"D000479","Salix lutea",-107.0396,51.60468,2019,"HUMAN_OBSERVATION"
"D000480","Salix discolor",-106.98155,51.70912,2003,"HUMAN_OBSERVATION"
"D000481","Carex aquatilis",-108.11362,52.45814,2018,"PRESERVED_SPECIMEN"
"D000482","Carex aquatilis",-107.77207,52.85747,1998,"HUMAN_OBSERVATION"
"D000483","Salix candida",-106.58062,52.23898,2009,"HUMAN_OBSERVATION"
"D000484","Carex utriculata",-106.08987,52.48246,2009,"PRESERVED_SPECIMEN"
"D000485","Salix petiolaris",-105.83331,52.12884,2016,"HUMAN_OBSERVATION"
"D000486","Carex utriculata",-106.26491,53.10315,2001,"HUMAN_OBSERVATION"
"D000487","Carex utriculata",-107.19845,53.18243,1995,"PRESERVED_SPECIMEN"
"D000488","Carex aquatilis",-106.0818,52.07409,2014,"HUMAN_OBSERVATION"
"D000489","Salix petiolaris",-106.70661,52.05787,2002,"PRESERVED_SPECIMEN"
"D000490","Carex aquatilis",-106.47596,52.22009,2014,"HUMAN_OBSERVATION"
"D000491","Salix exigua",-107.45521,51.70878,1995,"HUMAN_OBSERVATION"
"D000492","Salix bebbiana",-106.71683,52.87241,2008,"HUMAN_OBSERVATION"
"D000493","Salix candida",-105.65306,52.37344,2014,"HUMAN_OBSERVATION"
"D000494","Salix petiolaris",-107.31453,53.10934,2021,"HUMAN_OBSERVATION"
"D000495","Salix discolor",-106.78567,52.3673,1996,"PRESERVED_SPECIMEN"
"D000496","Carex aquatilis",-106.34093,52.08072,2003,"HUMAN_OBSERVATION"
"D000497","Salix discolor",-106.65937,52.31431,2022,"HUMAN_OBSERVATION"
"D000498","Salix discolor",-107.49663,52.52188,2006,"PRESERVED_SPECIMEN"
"D000499","Carex utriculata",-106.79033,53.29033,2001,"HUMAN_OBSERVATION"
"D000500","Carex praegracilis",-106.97223,51.62815,2011,"HUMAN_OBSERVATION"
"D000501","Carex atherodes",-106.32093,52.9978,1996,"PRESERVED_SPECIMEN"
"D000502","Salix discolor",-107.48117,52.61011,2009,"PRESERVED_SPECIMEN"
"D000503","Salix bebbiana",-106.50579,51.7157,2000,"HUMAN_OBSERVATION"
"D000504","Salix bebbiana",-108.0437,51.98162,2009,"PRESERVED_SPECIMEN"
"D000505","Carex praegracilis",-106.94717,52.27071,2005,"HUMAN_OBSERVATION"
"D000506","Salix exigua",-106.44067,52.97587,2006,"HUMAN_OBSERVATION"
"D000507","Salix discolor",-106.86442,51.46703,2004,"HUMAN_OBSERVATION"
"D000508","Salix exigua",-107.46867,52.22907,2016,"HUMAN_OBSERVATION"
"D000509","Salix exigua",-105.58236,52.71716,2003,"HUMAN_OBSERVATION"
"D000510","Salix lutea",-107.31933,51.82108,1997,"PRESERVED_SPECIMEN"
"D000511","Carex aquatilis",-106.68074,52.10843,2023,"HUMAN_OBSERVATION"
"D000512","Carex aquatilis",-106.28482,52.65242,1998,"HUMAN_OBSERVATION"
"D000513","Salix discolor",-107.66627,52.60571,2010,"HUMAN_OBSERVATION"
"D000514","Salix bebbiana",-105.67269,51.9147,2000,"HUMAN_OBSERVATION"
"D000515","Carex aquatilis",-108.11434,52.17888,2009,"HUMAN_OBSERVATION"
"D000516","Salix lutea",-107.24438,51.81388,2008,"HUMAN_OBSERVATION"
"D000517","Salix bebbiana",-106.50947,52.02466,2008,"HUMAN_OBSERVATION"
"D000518","Salix discolor",-105.99604,53.04513,2015,"HUMAN_OBSERVATION"
"D000519","Salix petiolaris",-106.05762,52.97032,2016,"HUMAN_OBSERVATION"
"D000520","Salix lutea",-107.94973,52.07456,2015,"HUMAN_OBSERVATION"
"D000521","Salix bebbiana",-107.57214,52.64172,2011,"HUMAN_OBSERVATION"
"D000522","Carex aquatilis",-107.26533,52.37576,2010,"HUMAN_OBSERVATION"
"D000523","Carex atherodes",-108.1421,52.32954,2021,"PRESERVED_SPECIMEN"
"D000524","Salix exigua",-107.38844,52.11476,2010,"PRESERVED_SPECIMEN"
"D000525","Salix petiolaris",-107.34484,52.92583,1996,"HUMAN_OBSERVATION"
"D000526","Salix exigua",-105.79248,53.019,2000,"PRESERVED_SPECIMEN"
"D000527","Carex aquatilis",-106.05228,52.90373,2018,"HUMAN_OBSERVATION"
"D000528","Salix candida",-107.01536,51.62955,1997,"PRESERVED_SPECIMEN"
"D000529","Carex aquatilis",-105.98089,52.77181,2008,"HUMAN_OBSERVATION"
"D000530","Salix exigua",-107.9116,51.67174,2001,"HUMAN_OBSERVATION"
"D000531","Carex aquatilis",-105.73617,52.2088,2017,"HUMAN_OBSERVATION"
"D000532","Carex duriuscula",-107.58392,52.78605,2017,"HUMAN_OBSERVATION"
"D000533","Carex praegracilis",-106.21941,52.91773,2011,"HUMAN_OBSERVATION"
"D000534","Carex praegracilis",-107.07134,52.39361,2023,"HUMAN_OBSERVATION"
"D000535","Carex siccata",-107.59386,52.51118,2015,"HUMAN_OBSERVATION"
"D000536","Salix exigua",-106.21527,52.70217,2002,"HUMAN_OBSERVATION"
"D000537","Salix discolor",-107.79128,52.25903,2023,"HUMAN_OBSERVATION"
"D000538","Salix bebbiana",-106.05486,51.96593,2001,"PRESERVED_SPECIMEN"
"D000539","Salix exigua",-106.35529,52.60458,2013,"HUMAN_OBSERVATION"
"D000540","Salix petiolaris",-107.36459,52.90078,2010,"PRESERVED_SPECIMEN"
"D000541","Carex aquatilis",-107.73248,51.74267,2014,"HUMAN_OBSERVATION"
"D000542","Salix candida",-106.60954,52.83762,1998,"PRESERVED_SPECIMEN"
"D000543","Salix petiolaris",-106.67014,53.02481,2003,"HUMAN_OBSERVATION"
"D000544","Carex aquatilis",-108.01601,52.38993,1996,"HUMAN_OBSERVATION"
"D000545","Salix exigua",-106.17676,53.22565,2018,"PRESERVED_SPECIMEN"
"D000546","Salix bebbiana",-106.81132,52.81474,1999,"PRESERVED_SPECIMEN"
"D000547","Carex aquatilis",-107.778,52.16995,2007,"HUMAN_OBSERVATION"
"D000548","Salix discolor",-107.84893,52.85268,2000,"HUMAN_OBSERVATION"
"D000549","Carex utriculata",-107.26055,53.10802,2005,"PRESERVED_SPECIMEN"
"D000550","Carex duriuscula",-106.80737,51.84681,2001,"PRESERVED_SPECIMEN"
"D000551","Salix discolor",-107.24802,52.31453,2023,"PRESERVED_SPECIMEN"
"D000552","Carex aquatilis",-106.9661,52.714,2020,"PRESERVED_SPECIMEN"
"D000553","Salix bebbiana",-106.99042,52.75686,2015,"HUMAN_OBSERVATION"
"D000554","Salix petiolaris",-106.74523,51.80698,2005,"HUMAN_OBSERVATION"
"D000555","Salix discolor",-106.3715,51.74806,2009,"PRESERVED_SPECIMEN"
"D000556","Salix exigua",-106.94472,53.13092,2016,"HUMAN_OBSERVATION"
"D000557","Salix candida",-107.03162,51.67429,2005,"PRESERVED_SPECIMEN"
"D000558","Carex duriuscula",-107.29919,52.12919,2019,"HUMAN_OBSERVATION"
"D000559","Salix discolor",-106.82165,53.14916,2016,"HUMAN_OBSERVATION"
"D000560","Carex aquatilis",-107.99687,51.7893,2000,"HUMAN_OBSERVATION"
"D000561","Salix exigua",-106.11163,53.1647,2007,"PRESERVED_SPECIMEN"
"D000562","Salix petiolaris",-106.6067,51.99804,2003,"HUMAN_OBSERVATION"
"D000563","Salix petiolaris",-106.02757,52.24754,2023,"HUMAN_OBSERVATION"
"D000564","Salix bebbiana",-106.70376,52.23548,2008,"HUMAN_OBSERVATION"
"D000565","Salix exigua",-106.508,52.89272,2011,"HUMAN_OBSERVATION"
"D000566","Salix lutea",-106.76542,53.20245,2024,"HUMAN_OBSERVATION"
"D000567","Salix exigua",-106.87605,52.07733,1998,"HUMAN_OBSERVATION"
"D000568","Salix exigua",-106.96346,51.60092,2021,"HUMAN_OBSERVATION"
"D000569","Salix exigua",-106.3747,53.22671,2024,"PRESERVED_SPECIMEN"
"D000570","Salix lutea",-108.05115,52.52095,2020,"PRESERVED_SPECIMEN"
"D000571","Salix candida",-105.97625,52.50818,2012,"HUMAN_OBSERVATION"
"D000572","Carex aquatilis",-106.86451,51.98309,2019,"HUMAN_OBSERVATION"
"D000573","Salix lutea",-106.94743,52.59859,2022,"HUMAN_OBSERVATION"
"D000574","Carex aquatilis",-106.04008,52.00938,2016,"HUMAN_OBSERVATION"
"D000575","Carex utriculata",-107.15554,52.18694,2008,"HUMAN_OBSERVATION"
"D000576","Carex utriculata",-106.40038,51.66422,2015,"HUMAN_OBSERVATION"
"D000577","Carex aquatilis",-107.93828,52.47687,2009,"PRESERVED_SPECIMEN"
"D000578","Salix bebbiana",-106.21339,51.70525,2005,"HUMAN_OBSERVATION"
"D000579","Salix candida",-106.53211,52.28978,2014,"HUMAN_OBSERVATION"
"D000580","Salix lutea",-107.24989,52.37388,2020,"HUMAN_OBSERVATION"
"D000581","Salix discolor",-107.20939,52.78015,2020,"HUMAN_OBSERVATION"
"D000582","Carex utriculata",-106.97772,52.44028,1998,"PRESERVED_SPECIMEN"
"D000583","Salix petiolaris",-106.47785,51.68896,2012,"PRESERVED_SPECIMEN"
"D000584","Carex duriuscula",-107.95269,52.70344,2012,"PRESERVED_SPECIMEN"
"D000585","Salix discolor",-107.57724,51.8802,2014,"HUMAN_OBSERVATION"
"D000586","Salix discolor",-107.00337,52.33026,1996,"HUMAN_OBSERVATION"
"D000587","Salix petiolaris",-107.63031,52.27568,2015,"HUMAN_OBSERVATION"
"D000588","Salix discolor",-107.70471,51.72441,2013,"HUMAN_OBSERVATION"
"D000589","Carex praegracilis",-106.00264,52.11353,2001,"HUMAN_OBSERVATION"
"D000590","Carex praegracilis",-107.58203,51.99328,2011,"HUMAN_OBSERVATION"
"D000591","Carex aquatilis",-106.65133,52.32071,2023,"HUMAN_OBSERVATION"
"D000592","Carex duriuscula",-106.97338,52.87074,2003,"HUMAN_OBSERVATION"
"D000593","Carex praegracilis",-107.69307,51.90903,2022,"HUMAN_OBSERVATION"
"D000594","Carex aquatilis",-107.36735,53.17651,2012,"HUMAN_OBSERVATION"
"D000595","Salix exigua",-106.52773,51.98633,2002,"PRESERVED_SPECIMEN"
"D000596","Salix lutea",-106.81962,52.16249,2007,"PRESERVED_SPECIMEN"
"D000597","Carex aquatilis",-106.91682,52.74754,2008,"PRESERVED_SPECIMEN"
"D000598","Salix petiolaris",-106.76282,52.22202,2008,"HUMAN_OBSERVATION"
"D000599","Salix lutea",-106.44608,52.9314,2018,"PRESERVED_SPECIMEN"
"D000600","Salix candida",-104,51.65021,2006,"HUMAN_OBSERVATION"
